{
  "accuracy": 0.808374733853797,
  "precision": 0.6666666666666666,
  "recall": 0.5561497326203209,
  "f1": 0.6064139941690962,
  "roc_auc": 0.857035831460384
}
